{"cameraMode":{"drawMode":0,"name":"Shaded","section":"Shading Mode"},"sceneLighting":true,"audioPlay":false,"sceneViewState":{"showFog":true,"showMaterialUpdate":false,"showSkybox":true,"showFlares":true,"showImageEffects":true,"showParticleSystems":true},"in2DMode":false,"pivot":{"x":9.550602912902832,"y":6.9391889572143559,"z":-11.584763526916504},"rotation":{"x":-0.13108819723129273,"y":-0.8072205185890198,"z":0.19549255073070527,"w":-0.5413045883178711},"size":20.466493606567384,"orthographic":false}