{"cameraMode":{"drawMode":0,"name":"Shaded","section":"Shading Mode"},"sceneLighting":true,"audioPlay":false,"sceneViewState":{"showFog":true,"showMaterialUpdate":false,"showSkybox":true,"showFlares":true,"showImageEffects":true,"showParticleSystems":true},"in2DMode":false,"pivot":{"x":-3.8184661865234377,"y":24.06395149230957,"z":2.1722166538238527},"rotation":{"x":0.15790997445583344,"y":0.8206853866577148,"z":-0.27151551842689516,"w":0.47733384370803835},"size":11.724364280700684,"orthographic":false}